folder,m,p,ph,range,ptm,extension
"",Volumes,martonelab,Photos,.DS_Store,,
"",Volumes,martonelab,Photos,001-500,PTM 100,JPG
"",Volumes,martonelab,Photos,001-500,PTM 101,JPG
"",Volumes,martonelab,Photos,001-500,PTM 102,JPG
"",Volumes,martonelab,Photos,001-500,PTM 103,JPG
"",Volumes,martonelab,Photos,001-500,PTM 124,JPG
"",Volumes,martonelab,Photos,001-500,PTM 125,JPG
"",Volumes,martonelab,Photos,001-500,PTM 126,JPG
"",Volumes,martonelab,Photos,001-500,PTM 97,JPG
"",Volumes,martonelab,Photos,1001-1500,PTM 1185,JPG
"",Volumes,martonelab,Photos,1001-1500,PTM 1189,JPG
"",Volumes,martonelab,Photos,1001-1500,PTM 1395,JPG
"",Volumes,martonelab,Photos,1001-1500,PTM 1396,JPG
"",Volumes,martonelab,Photos,1001-1500,PTM 1398,JPG
"",Volumes,martonelab,Photos,1001-1500,PTM1399,JPG
"",Volumes,martonelab,Photos,1001-1500,PTM1400,JPG
"",Volumes,martonelab,Photos,1001-1500,PTM1401,JPG
"",Volumes,martonelab,Photos,1001-1500,PTM1402,JPG
"",Volumes,martonelab,Photos,1001-1500,PTM1403,JPG
"",Volumes,martonelab,Photos,1001-1500,PTM1404,JPG
"",Volumes,martonelab,Photos,1001-1500,PTM1405,JPG
"",Volumes,martonelab,Photos,1001-1500,PTM1406,JPG
"",Volumes,martonelab,Photos,1001-1500,PTM1407,JPG
"",Volumes,martonelab,Photos,1001-1500,PTM1408,JPG
"",Volumes,martonelab,Photos,1001-1500,PTM1409,JPG
"",Volumes,martonelab,Photos,1001-1500,PTM1410,JPG
"",Volumes,martonelab,Photos,1001-1500,PTM1411,JPG
"",Volumes,martonelab,Photos,1001-1500,PTM1412,JPG
"",Volumes,martonelab,Photos,1001-1500,PTM1413,JPG
"",Volumes,martonelab,Photos,1001-1500,PTM1414,JPG
"",Volumes,martonelab,Photos,1001-1500,PTM1415,JPG
"",Volumes,martonelab,Photos,1001-1500,PTM1416,JPG
"",Volumes,martonelab,Photos,1001-1500,PTM1417,JPG
"",Volumes,martonelab,Photos,1001-1500,PTM1418,JPG
"",Volumes,martonelab,Photos,1001-1500,PTM1419,JPG
"",Volumes,martonelab,Photos,1001-1500,PTM1420,JPG
"",Volumes,martonelab,Photos,1001-1500,PTM1421,JPG
"",Volumes,martonelab,Photos,1001-1500,PTM1422,JPG
"",Volumes,martonelab,Photos,1001-1500,PTM1423,JPG
"",Volumes,martonelab,Photos,1001-1500,PTM1424,JPG
"",Volumes,martonelab,Photos,1001-1500,PTM1425,JPG
"",Volumes,martonelab,Photos,1001-1500,PTM1426,JPG
"",Volumes,martonelab,Photos,1001-1500,PTM1427,JPG
"",Volumes,martonelab,Photos,1001-1500,PTM1428,JPG
"",Volumes,martonelab,Photos,1001-1500,PTM1429,JPG
"",Volumes,martonelab,Photos,1001-1500,PTM1430,JPG
"",Volumes,martonelab,Photos,1001-1500,PTM1431,JPG
"",Volumes,martonelab,Photos,1001-1500,PTM1432,JPG
"",Volumes,martonelab,Photos,1001-1500,PTM1433,JPG
"",Volumes,martonelab,Photos,1001-1500,PTM1434,JPG
"",Volumes,martonelab,Photos,1001-1500,PTM1435,JPG
"",Volumes,martonelab,Photos,1001-1500,PTM1436,JPG
"",Volumes,martonelab,Photos,1001-1500,PTM1437,JPG
"",Volumes,martonelab,Photos,1001-1500,PTM1438,JPG
"",Volumes,martonelab,Photos,1001-1500,PTM1439,JPG
"",Volumes,martonelab,Photos,1001-1500,PTM1440,JPG
"",Volumes,martonelab,Photos,1001-1500,PTM1441,JPG
"",Volumes,martonelab,Photos,1001-1500,PTM1442,JPG
"",Volumes,martonelab,Photos,1001-1500,PTM1443,JPG
"",Volumes,martonelab,Photos,1001-1500,PTM1444,JPG
"",Volumes,martonelab,Photos,1001-1500,PTM1445,JPG
"",Volumes,martonelab,Photos,1001-1500,PTM1446,JPG
"",Volumes,martonelab,Photos,1001-1500,PTM1447,JPG
"",Volumes,martonelab,Photos,1001-1500,PTM1448,JPG
"",Volumes,martonelab,Photos,1001-1500,PTM1449,JPG
"",Volumes,martonelab,Photos,1001-1500,PTM1450,JPG
"",Volumes,martonelab,Photos,1001-1500,PTM1451,JPG
"",Volumes,martonelab,Photos,1001-1500,PTM1452,JPG
"",Volumes,martonelab,Photos,1001-1500,PTM1453,JPG
"",Volumes,martonelab,Photos,1001-1500,PTM1454,JPG
"",Volumes,martonelab,Photos,1001-1500,PTM1455,JPG
"",Volumes,martonelab,Photos,1001-1500,PTM1456,JPG
"",Volumes,martonelab,Photos,1001-1500,PTM1457,JPG
"",Volumes,martonelab,Photos,1001-1500,PTM1458,JPG
"",Volumes,martonelab,Photos,1001-1500,PTM1459,JPG
"",Volumes,martonelab,Photos,1001-1500,PTM1460,JPG
"",Volumes,martonelab,Photos,1001-1500,PTM1461,JPG
"",Volumes,martonelab,Photos,1001-1500,PTM1462,JPG
"",Volumes,martonelab,Photos,1001-1500,PTM1463,JPG
"",Volumes,martonelab,Photos,1001-1500,PTM1464,JPG
"",Volumes,martonelab,Photos,1001-1500,PTM1465,JPG
"",Volumes,martonelab,Photos,1001-1500,PTM1466,JPG
"",Volumes,martonelab,Photos,1001-1500,PTM1467,JPG
"",Volumes,martonelab,Photos,1001-1500,PTM1468,JPG
"",Volumes,martonelab,Photos,1001-1500,PTM1469,JPG
"",Volumes,martonelab,Photos,1001-1500,PTM1470,JPG
"",Volumes,martonelab,Photos,1001-1500,PTM1471,JPG
"",Volumes,martonelab,Photos,1001-1500,PTM1472,JPG
"",Volumes,martonelab,Photos,1001-1500,PTM1473,JPG
"",Volumes,martonelab,Photos,1001-1500,PTM1474,JPG
"",Volumes,martonelab,Photos,1001-1500,PTM1475,JPG
"",Volumes,martonelab,Photos,1001-1500,PTM1476,JPG
"",Volumes,martonelab,Photos,1001-1500,PTM1477,JPG
"",Volumes,martonelab,Photos,1001-1500,PTM1478,JPG
"",Volumes,martonelab,Photos,1001-1500,PTM1479,JPG
"",Volumes,martonelab,Photos,1001-1500,PTM1480,JPG
"",Volumes,martonelab,Photos,1001-1500,PTM1481,JPG
"",Volumes,martonelab,Photos,1001-1500,PTM1482,JPG
"",Volumes,martonelab,Photos,1001-1500,PTM1483,JPG
"",Volumes,martonelab,Photos,1001-1500,PTM1484,JPG
"",Volumes,martonelab,Photos,1001-1500,PTM1485,JPG
"",Volumes,martonelab,Photos,1001-1500,PTM1486,JPG
"",Volumes,martonelab,Photos,1001-1500,PTM1487,JPG
"",Volumes,martonelab,Photos,1001-1500,PTM1488,JPG
"",Volumes,martonelab,Photos,1001-1500,PTM1489,JPG
"",Volumes,martonelab,Photos,1001-1500,PTM1490,JPG
"",Volumes,martonelab,Photos,1001-1500,PTM1491,JPG
"",Volumes,martonelab,Photos,1001-1500,PTM1492,JPG
"",Volumes,martonelab,Photos,1001-1500,PTM1493,JPG
"",Volumes,martonelab,Photos,1001-1500,PTM1494,JPG
"",Volumes,martonelab,Photos,1501-2000,PTM1503,JPG
"",Volumes,martonelab,Photos,1501-2000,PTM1504,JPG
"",Volumes,martonelab,Photos,1501-2000,PTM1505,JPG
"",Volumes,martonelab,Photos,1501-2000,PTM1506,JPG
"",Volumes,martonelab,Photos,1501-2000,PTM1507,JPG
"",Volumes,martonelab,Photos,1501-2000,PTM1508,JPG
"",Volumes,martonelab,Photos,1501-2000,PTM1509,JPG
"",Volumes,martonelab,Photos,1501-2000,PTM1510,JPG
"",Volumes,martonelab,Photos,1501-2000,PTM1511,JPG
"",Volumes,martonelab,Photos,1501-2000,PTM1512,JPG
"",Volumes,martonelab,Photos,1501-2000,PTM1513,JPG
"",Volumes,martonelab,Photos,1501-2000,PTM1514,JPG
"",Volumes,martonelab,Photos,1501-2000,PTM1515,JPG
"",Volumes,martonelab,Photos,1501-2000,PTM1516,JPG
"",Volumes,martonelab,Photos,1501-2000,PTM1517,JPG
"",Volumes,martonelab,Photos,1501-2000,PTM1518,JPG
"",Volumes,martonelab,Photos,1501-2000,PTM1519,JPG
"",Volumes,martonelab,Photos,1501-2000,PTM1520,JPG
"",Volumes,martonelab,Photos,1501-2000,PTM1521,JPG
"",Volumes,martonelab,Photos,1501-2000,PTM1522,JPG
"",Volumes,martonelab,Photos,1501-2000,PTM1523,JPG
"",Volumes,martonelab,Photos,1501-2000,PTM1524,jpeg
"",Volumes,martonelab,Photos,1501-2000,PTM1525,JPG
"",Volumes,martonelab,Photos,1501-2000,PTM1526,JPG
"",Volumes,martonelab,Photos,1501-2000,PTM1527,JPG
"",Volumes,martonelab,Photos,1501-2000,PTM1528,JPG
"",Volumes,martonelab,Photos,1501-2000,PTM1529,JPG
"",Volumes,martonelab,Photos,1501-2000,PTM1530,JPG
"",Volumes,martonelab,Photos,1501-2000,PTM1531,JPG
"",Volumes,martonelab,Photos,1501-2000,PTM1725-1733,JPG
"",Volumes,martonelab,Photos,1501-2000,PTM1725A_Corallina,JPG
"",Volumes,martonelab,Photos,1501-2000,PTM1725B,JPG
"",Volumes,martonelab,Photos,1501-2000,PTM1725C,JPG
"",Volumes,martonelab,Photos,1501-2000,PTM1726_Hildenbrandia,JPG
"",Volumes,martonelab,Photos,1501-2000,PTM1727A_Pilayella,JPG
"",Volumes,martonelab,Photos,1501-2000,PTM1727B,JPG
"",Volumes,martonelab,Photos,1501-2000,PTM1727C,JPG
"",Volumes,martonelab,Photos,1501-2000,PTM1727D,JPG
"",Volumes,martonelab,Photos,1501-2000,PTM1727E,JPG
"",Volumes,martonelab,Photos,1501-2000,PTM1728_Rhizoclonium,JPG
"",Volumes,martonelab,Photos,1501-2000,PTM1728B,JPG
"",Volumes,martonelab,Photos,1501-2000,PTM1729_Bossiella,JPG
"",Volumes,martonelab,Photos,1501-2000,PTM1730,JPG
"",Volumes,martonelab,Photos,1501-2000,PTM1731,JPG
"",Volumes,martonelab,Photos,1501-2000,PTM1732,JPG
"",Volumes,martonelab,Photos,1501-2000,PTM1733A_Corallina,JPG
"",Volumes,martonelab,Photos,1501-2000,PTM1733B,jpg
"",Volumes,martonelab,Photos,1501-2000,PTM1733C,JPG
"",Volumes,martonelab,Photos,1501-2000,PTM1733D,JPG
"",Volumes,martonelab,Photos,1501-2000,PTM1734,JPG
"",Volumes,martonelab,Photos,1501-2000,PTM1734B,JPG
"",Volumes,martonelab,Photos,1501-2000,PTM1734C,JPG
"",Volumes,martonelab,Photos,1501-2000,PTM1735,JPG
"",Volumes,martonelab,Photos,1501-2000,PTM1737,JPG
"",Volumes,martonelab,Photos,1501-2000,PTM1737b,JPG
"",Volumes,martonelab,Photos,1501-2000,PTM1737c,JPG
"",Volumes,martonelab,Photos,1501-2000,PTM1738,JPG
"",Volumes,martonelab,Photos,1501-2000,PTM1738b,JPG
"",Volumes,martonelab,Photos,1501-2000,PTM1738c,JPG
"",Volumes,martonelab,Photos,1501-2000,PTM1739,JPG
"",Volumes,martonelab,Photos,1501-2000,PTM1739c,JPG
"",Volumes,martonelab,Photos,1501-2000,PTM1743,JPG
"",Volumes,martonelab,Photos,1501-2000,PTM1743b,JPG
"",Volumes,martonelab,Photos,1501-2000,PTM1744,JPG
"",Volumes,martonelab,Photos,1501-2000,PTM1744b,JPG
"",Volumes,martonelab,Photos,1501-2000,PTM1745,JPG
"",Volumes,martonelab,Photos,1501-2000,PTM1745b,JPG
"",Volumes,martonelab,Photos,1501-2000,PTM1746,JPG
"",Volumes,martonelab,Photos,1501-2000,PTM1746b,JPG
"",Volumes,martonelab,Photos,1501-2000,PTM1747,JPG
"",Volumes,martonelab,Photos,1501-2000,PTM1747b,JPG
"",Volumes,martonelab,Photos,1501-2000,PTM1748,JPG
"",Volumes,martonelab,Photos,1501-2000,PTM1748b,JPG
"",Volumes,martonelab,Photos,1501-2000,PTM1749,JPG
"",Volumes,martonelab,Photos,1501-2000,PTM1749b,JPG
"",Volumes,martonelab,Photos,1501-2000,PTM1750,JPG
"",Volumes,martonelab,Photos,1501-2000,PTM1750b,JPG
"",Volumes,martonelab,Photos,1501-2000,PTM1750c,JPG
"",Volumes,martonelab,Photos,1501-2000,PTM1751,JPG
"",Volumes,martonelab,Photos,1501-2000,PTM1751b,JPG
"",Volumes,martonelab,Photos,1501-2000,PTM1752,JPG
"",Volumes,martonelab,Photos,1501-2000,PTM1752b,JPG
"",Volumes,martonelab,Photos,1501-2000,PTM1753,JPG
"",Volumes,martonelab,Photos,1501-2000,PTM1753b,JPG
"",Volumes,martonelab,Photos,1501-2000,PTM1753c,JPG
"",Volumes,martonelab,Photos,1501-2000,PTM1754,JPG
"",Volumes,martonelab,Photos,1501-2000,PTM1754b,JPG
"",Volumes,martonelab,Photos,1501-2000,PTM1755,JPG
"",Volumes,martonelab,Photos,1501-2000,PTM1755b,JPG
"",Volumes,martonelab,Photos,1501-2000,PTM1858,JPG
"",Volumes,martonelab,Photos,1501-2000,PTM1859,JPG
"",Volumes,martonelab,Photos,1501-2000,PTM1860,jpeg
"",Volumes,martonelab,Photos,1501-2000,PTM1860,JPG
"",Volumes,martonelab,Photos,1501-2000,PTM1861,jpeg
"",Volumes,martonelab,Photos,1501-2000,PTM1861,JPG
"",Volumes,martonelab,Photos,1501-2000,PTM1862,JPG
"",Volumes,martonelab,Photos,1501-2000,PTM1863,JPG
"",Volumes,martonelab,Photos,1501-2000,PTM1864,JPG
"",Volumes,martonelab,Photos,1501-2000,PTM1865,JPG
"",Volumes,martonelab,Photos,1501-2000,PTM1866_a,jpeg
"",Volumes,martonelab,Photos,1501-2000,PTM1866_b,JPG
"",Volumes,martonelab,Photos,1501-2000,PTM1867_a,jpeg
"",Volumes,martonelab,Photos,1501-2000,PTM1867_b,JPG
"",Volumes,martonelab,Photos,1501-2000,PTM1868,JPG
"",Volumes,martonelab,Photos,1501-2000,PTM1869,JPG
"",Volumes,martonelab,Photos,1501-2000,PTM1870,JPG
"",Volumes,martonelab,Photos,1501-2000,PTM1871,JPG
"",Volumes,martonelab,Photos,1501-2000,PTM1872,JPG
"",Volumes,martonelab,Photos,1501-2000,PTM1873,JPG
"",Volumes,martonelab,Photos,1501-2000,PTM1874,JPG
"",Volumes,martonelab,Photos,1501-2000,PTM1875,JPG
"",Volumes,martonelab,Photos,1501-2000,PTM1876,JPG
"",Volumes,martonelab,Photos,1501-2000,PTM1877,JPG
"",Volumes,martonelab,Photos,1501-2000,PTM1878,JPG
"",Volumes,martonelab,Photos,1501-2000,PTM1879,JPG
"",Volumes,martonelab,Photos,1501-2000,PTM1880,JPG
"",Volumes,martonelab,Photos,1501-2000,PTM1881,JPG
"",Volumes,martonelab,Photos,1501-2000,PTM1882,JPG
"",Volumes,martonelab,Photos,1501-2000,PTM1883,JPG
"",Volumes,martonelab,Photos,1501-2000,PTM1884,JPG
"",Volumes,martonelab,Photos,1501-2000,PTM1885,JPG
"",Volumes,martonelab,Photos,1501-2000,PTM1886,JPG
"",Volumes,martonelab,Photos,1501-2000,PTM1887,JPG
"",Volumes,martonelab,Photos,1501-2000,PTM1888,JPG
"",Volumes,martonelab,Photos,1501-2000,PTM1889_a,JPG
"",Volumes,martonelab,Photos,1501-2000,PTM1889_b,JPG
"",Volumes,martonelab,Photos,1501-2000,PTM1890,JPG
"",Volumes,martonelab,Photos,1501-2000,PTM1891,JPG
"",Volumes,martonelab,Photos,1501-2000,PTM1892,JPG
"",Volumes,martonelab,Photos,1501-2000,PTM1893,jpeg
"",Volumes,martonelab,Photos,1501-2000,PTM1893,JPG
"",Volumes,martonelab,Photos,1501-2000,PTM1894,JPG
"",Volumes,martonelab,Photos,1501-2000,PTM1895_b,JPG
"",Volumes,martonelab,Photos,1501-2000,PTM1895,JPG
"",Volumes,martonelab,Photos,1501-2000,PTM1896,JPG
"",Volumes,martonelab,Photos,1501-2000,PTM1897_a,jpeg
"",Volumes,martonelab,Photos,1501-2000,PTM1897,JPG
"",Volumes,martonelab,Photos,1501-2000,PTM1898,JPG
"",Volumes,martonelab,Photos,1501-2000,PTM1899_a,jpeg
"",Volumes,martonelab,Photos,1501-2000,PTM1899_b,JPG
"",Volumes,martonelab,Photos,1501-2000,PTM1900,JPG
"",Volumes,martonelab,Photos,1501-2000,PTM1901,jpeg
"",Volumes,martonelab,Photos,1501-2000,PTM1901,JPG
"",Volumes,martonelab,Photos,1501-2000,PTM1903,JPG
"",Volumes,martonelab,Photos,1501-2000,PTM1904,JPG
"",Volumes,martonelab,Photos,1501-2000,PTM1905,JPG
"",Volumes,martonelab,Photos,1501-2000,PTM1906,JPG
"",Volumes,martonelab,Photos,1501-2000,PTM1907,JPG
"",Volumes,martonelab,Photos,1501-2000,PTM1908_b,JPG
"",Volumes,martonelab,Photos,1501-2000,PTM1908,JPG
"",Volumes,martonelab,Photos,1501-2000,PTM1909,JPG
"",Volumes,martonelab,Photos,1501-2000,PTM1910,JPG
"",Volumes,martonelab,Photos,1501-2000,PTM1911,JPG
"",Volumes,martonelab,Photos,1501-2000,PTM1912,JPG
"",Volumes,martonelab,Photos,1501-2000,PTM1913,JPG
"",Volumes,martonelab,Photos,1501-2000,PTM1914,JPG
"",Volumes,martonelab,Photos,1501-2000,PTM1915,JPG
"",Volumes,martonelab,Photos,1501-2000,PTM1916,JPG
"",Volumes,martonelab,Photos,1501-2000,PTM1917,JPG
"",Volumes,martonelab,Photos,1501-2000,PTM1918,JPG
"",Volumes,martonelab,Photos,1501-2000,PTM1919,JPG
"",Volumes,martonelab,Photos,1501-2000,PTM1920,JPG
"",Volumes,martonelab,Photos,1501-2000,PTM1921,JPG
"",Volumes,martonelab,Photos,1501-2000,PTM1922,JPG
"",Volumes,martonelab,Photos,1501-2000,PTM1923,JPG
"",Volumes,martonelab,Photos,1501-2000,PTM1924,JPG
"",Volumes,martonelab,Photos,1501-2000,PTM1925,JPG
"",Volumes,martonelab,Photos,1501-2000,PTM1926,JPG
"",Volumes,martonelab,Photos,1501-2000,PTM1927,JPG
"",Volumes,martonelab,Photos,1501-2000,PTM1928,JPG
"",Volumes,martonelab,Photos,1501-2000,PTM1929,JPG
"",Volumes,martonelab,Photos,1501-2000,PTM1930,JPG
"",Volumes,martonelab,Photos,1501-2000,PTM1931,JPG
"",Volumes,martonelab,Photos,1501-2000,PTM1932,JPG
"",Volumes,martonelab,Photos,1501-2000,PTM1933,JPG
"",Volumes,martonelab,Photos,1501-2000,PTM1934,JPG
"",Volumes,martonelab,Photos,1501-2000,PTM1935,JPG
"",Volumes,martonelab,Photos,1501-2000,PTM1936,JPG
"",Volumes,martonelab,Photos,1501-2000,PTM1937,JPG
"",Volumes,martonelab,Photos,1501-2000,PTM1938,JPG
"",Volumes,martonelab,Photos,1501-2000,PTM1939,JPG
"",Volumes,martonelab,Photos,1501-2000,PTM1940,JPG
"",Volumes,martonelab,Photos,1501-2000,PTM1941,JPG
"",Volumes,martonelab,Photos,1501-2000,PTM1942,JPG
"",Volumes,martonelab,Photos,1501-2000,PTM1943_b,JPG
"",Volumes,martonelab,Photos,1501-2000,PTM1943,JPG
"",Volumes,martonelab,Photos,1501-2000,PTM1944,JPG
"",Volumes,martonelab,Photos,1501-2000,PTM1945,JPG
"",Volumes,martonelab,Photos,1501-2000,PTM1946,JPG
"",Volumes,martonelab,Photos,1501-2000,PTM1947,JPG
"",Volumes,martonelab,Photos,1501-2000,PTM1948,JPG
"",Volumes,martonelab,Photos,1501-2000,PTM1949,JPG
"",Volumes,martonelab,Photos,1501-2000,PTM1950,JPG
"",Volumes,martonelab,Photos,1501-2000,PTM1951,JPG
"",Volumes,martonelab,Photos,1501-2000,PTM1952,JPG
"",Volumes,martonelab,Photos,1501-2000,PTM1953,JPG
"",Volumes,martonelab,Photos,1501-2000,PTM1954,JPG
"",Volumes,martonelab,Photos,1501-2000,PTM1955,JPG
"",Volumes,martonelab,Photos,1501-2000,PTM1956,JPG
"",Volumes,martonelab,Photos,1501-2000,PTM1957,JPG
"",Volumes,martonelab,Photos,1501-2000,PTM1958,JPG
"",Volumes,martonelab,Photos,1501-2000,PTM1959,JPG
"",Volumes,martonelab,Photos,1501-2000,PTM1960,JPG
"",Volumes,martonelab,Photos,1501-2000,PTM1961,JPG
"",Volumes,martonelab,Photos,1501-2000,PTM1962,JPG
"",Volumes,martonelab,Photos,1501-2000,PTM1963,JPG
"",Volumes,martonelab,Photos,1501-2000,PTM1964,JPG
"",Volumes,martonelab,Photos,1501-2000,PTM1965,JPG
"",Volumes,martonelab,Photos,1501-2000,PTM1966,JPG
"",Volumes,martonelab,Photos,1501-2000,PTM1967,JPG
"",Volumes,martonelab,Photos,1501-2000,PTM1968,JPG
"",Volumes,martonelab,Photos,1501-2000,PTM1969,JPG
"",Volumes,martonelab,Photos,1501-2000,PTM1970,JPG
"",Volumes,martonelab,Photos,1501-2000,PTM1971,JPG
"",Volumes,martonelab,Photos,1501-2000,PTM1972,JPG
"",Volumes,martonelab,Photos,1501-2000,PTM1973,JPG
"",Volumes,martonelab,Photos,1501-2000,PTM1974,JPG
"",Volumes,martonelab,Photos,1501-2000,PTM1975,JPG
"",Volumes,martonelab,Photos,1501-2000,PTM1976,JPG
"",Volumes,martonelab,Photos,1501-2000,PTM1977,JPG
"",Volumes,martonelab,Photos,1501-2000,PTM1978,JPG
"",Volumes,martonelab,Photos,1501-2000,PTM1979,JPG
"",Volumes,martonelab,Photos,1501-2000,PTM1980_a,JPG
"",Volumes,martonelab,Photos,1501-2000,PTM1980_b,jpeg
"",Volumes,martonelab,Photos,1501-2000,PTM1981,JPG
"",Volumes,martonelab,Photos,1501-2000,PTM1982,JPG
"",Volumes,martonelab,Photos,1501-2000,PTM1983,JPG
"",Volumes,martonelab,Photos,1501-2000,Thumbs,db
"",Volumes,martonelab,Photos,501-1000,PTM 957,JPG
"",Volumes,martonelab,Photos,501-1000,PTM 958,JPG
"",Volumes,martonelab,Photos,501-1000,PTM 959,JPG
"",Volumes,martonelab,Photos,501-1000,PTM 960,JPG
"",Volumes,martonelab,Photos,501-1000,PTM 961,JPG
"",Volumes,martonelab,Photos,501-1000,PTM 962,JPG
"",Volumes,martonelab,Photos,501-1000,PTM 963,JPG
"",Volumes,martonelab,Photos,501-1000,PTM 964,JPG
"",Volumes,martonelab,Photos,Canon 2020-02-04,IMG_0501,JPG
"",Volumes,martonelab,Photos,Canon 2020-02-04,IMG_0502,JPG
"",Volumes,martonelab,Photos,Canon 2020-02-04,IMG_0503,JPG
"",Volumes,martonelab,Photos,Canon 2020-02-04,IMG_0504,JPG
"",Volumes,martonelab,Photos,Canon 2020-02-04,IMG_0505,JPG
"",Volumes,martonelab,Photos,Canon 2020-02-04,IMG_0506,JPG
"",Volumes,martonelab,Photos,Canon 2020-02-04,IMG_0507,JPG
"",Volumes,martonelab,Photos,Canon 2020-02-04,IMG_0508,JPG
"",Volumes,martonelab,Photos,Canon 2020-02-04,IMG_0509,JPG
"",Volumes,martonelab,Photos,Canon 2020-02-04,IMG_0510,JPG
"",Volumes,martonelab,Photos,Canon 2020-02-04,IMG_0511,JPG
"",Volumes,martonelab,Photos,Canon 2020-02-04,IMG_0512,JPG
"",Volumes,martonelab,Photos,Canon 2020-02-04,IMG_0513,JPG
"",Volumes,martonelab,Photos,Canon 2020-02-04,IMG_0514,JPG
"",Volumes,martonelab,Photos,Canon 2020-02-04,IMG_0515,JPG
"",Volumes,martonelab,Photos,Canon 2020-02-04,IMG_0516,JPG
"",Volumes,martonelab,Photos,Canon 2020-02-04,IMG_0517,JPG
"",Volumes,martonelab,Photos,Canon 2020-02-04,IMG_0518,JPG
"",Volumes,martonelab,Photos,Canon 2020-02-04,IMG_0519,JPG
"",Volumes,martonelab,Photos,Canon 2020-02-04,IMG_0520,JPG
"",Volumes,martonelab,Photos,Canon 2020-02-04,IMG_0521,JPG
"",Volumes,martonelab,Photos,Canon 2020-02-04,IMG_0522,JPG
"",Volumes,martonelab,Photos,Canon 2020-02-04,IMG_0523,JPG
"",Volumes,martonelab,Photos,Canon 2020-02-04,IMG_0524,JPG
"",Volumes,martonelab,Photos,Canon 2020-02-04,IMG_0525,JPG
"",Volumes,martonelab,Photos,Canon 2020-02-04,IMG_0526,JPG
"",Volumes,martonelab,Photos,Canon 2020-02-04,IMG_0527,JPG
"",Volumes,martonelab,Photos,Canon 2020-02-04,IMG_0528,JPG
"",Volumes,martonelab,Photos,Canon 2020-02-04,IMG_0529,JPG
"",Volumes,martonelab,Photos,Canon 2020-02-04,IMG_0530,JPG
"",Volumes,martonelab,Photos,Canon 2020-02-04,IMG_0531,JPG
"",Volumes,martonelab,Photos,Canon 2020-02-04,IMG_0532,JPG
"",Volumes,martonelab,Photos,Canon 2020-02-04,IMG_0534,JPG
"",Volumes,martonelab,Photos,Canon 2020-02-04,IMG_0535,JPG
"",Volumes,martonelab,Photos,Quadra Bioblitz 2019,duplicates/DSC02451,JPG
"",Volumes,martonelab,Photos,Quadra Bioblitz 2019,duplicates/DSC02452,JPG
"",Volumes,martonelab,Photos,Quadra Bioblitz 2019,duplicates/DSC02453,JPG
"",Volumes,martonelab,Photos,Quadra Bioblitz 2019,duplicates/DSC02454,JPG
"",Volumes,martonelab,Photos,Quadra Bioblitz 2019,duplicates/DSC02456,JPG
"",Volumes,martonelab,Photos,Quadra Bioblitz 2019,duplicates/DSC02458,JPG
"",Volumes,martonelab,Photos,Quadra Bioblitz 2019,duplicates/DSC02459,JPG
"",Volumes,martonelab,Photos,Quadra Bioblitz 2019,duplicates/DSC02460,JPG
"",Volumes,martonelab,Photos,Quadra Bioblitz 2019,duplicates/DSC02461,JPG
"",Volumes,martonelab,Photos,Quadra Bioblitz 2019,duplicates/DSC02462,JPG
"",Volumes,martonelab,Photos,Quadra Bioblitz 2019,duplicates/DSC02464,JPG
"",Volumes,martonelab,Photos,Quadra Bioblitz 2019,duplicates/DSC02465,JPG
"",Volumes,martonelab,Photos,Quadra Bioblitz 2019,duplicates/DSC02466,JPG
"",Volumes,martonelab,Photos,Quadra Bioblitz 2019,duplicates/DSC02468,JPG
"",Volumes,martonelab,Photos,Quadra Bioblitz 2019,duplicates/DSC02470,JPG
"",Volumes,martonelab,Photos,Quadra Bioblitz 2019,duplicates/DSC02473,JPG
"",Volumes,martonelab,Photos,Quadra Bioblitz 2019,duplicates/DSC02474,JPG
"",Volumes,martonelab,Photos,Quadra Bioblitz 2019,duplicates/DSC02482,JPG
"",Volumes,martonelab,Photos,Quadra Bioblitz 2019,duplicates/DSC02485,JPG
"",Volumes,martonelab,Photos,Quadra Bioblitz 2019,duplicates/DSC02488,JPG
"",Volumes,martonelab,Photos,Quadra Bioblitz 2019,duplicates/DSC02489,JPG
"",Volumes,martonelab,Photos,Quadra Bioblitz 2019,duplicates/DSC02490,JPG
"",Volumes,martonelab,Photos,Quadra Bioblitz 2019,duplicates/DSC02493,JPG
"",Volumes,martonelab,Photos,Quadra Bioblitz 2019,duplicates/DSC02495,JPG
"",Volumes,martonelab,Photos,Quadra Bioblitz 2019,duplicates/DSC02496,JPG
"",Volumes,martonelab,Photos,Quadra Bioblitz 2019,duplicates/DSC02497,JPG
"",Volumes,martonelab,Photos,Quadra Bioblitz 2019,duplicates/DSC02498,JPG
"",Volumes,martonelab,Photos,Quadra Bioblitz 2019,duplicates/DSC02499,JPG
"",Volumes,martonelab,Photos,Quadra Bioblitz 2019,duplicates/DSC02500,JPG
"",Volumes,martonelab,Photos,Quadra Bioblitz 2019,duplicates/DSC02503,JPG
"",Volumes,martonelab,Photos,Quadra Bioblitz 2019,duplicates/DSC02504,JPG
"",Volumes,martonelab,Photos,Quadra Bioblitz 2019,duplicates/DSC02506,JPG
"",Volumes,martonelab,Photos,Quadra Bioblitz 2019,duplicates/DSC02508,JPG
"",Volumes,martonelab,Photos,Quadra Bioblitz 2019,duplicates/DSC02509,JPG
"",Volumes,martonelab,Photos,Quadra Bioblitz 2019,duplicates/DSC02512,JPG
"",Volumes,martonelab,Photos,Quadra Bioblitz 2019,duplicates/DSC02513,JPG
"",Volumes,martonelab,Photos,Quadra Bioblitz 2019,duplicates/DSC02514,JPG
"",Volumes,martonelab,Photos,Quadra Bioblitz 2019,duplicates/DSC02515,JPG
"",Volumes,martonelab,Photos,Quadra Bioblitz 2019,duplicates/DSC02516,JPG
"",Volumes,martonelab,Photos,Quadra Bioblitz 2019,duplicates/DSC02517,JPG
"",Volumes,martonelab,Photos,Quadra Bioblitz 2019,duplicates/DSC02518,JPG
"",Volumes,martonelab,Photos,Quadra Bioblitz 2019,duplicates/DSC02539,JPG
"",Volumes,martonelab,Photos,Quadra Bioblitz 2019,duplicates/DSC02540,JPG
"",Volumes,martonelab,Photos,Quadra Bioblitz 2019,duplicates/DSC02541,JPG
"",Volumes,martonelab,Photos,Quadra Bioblitz 2019,duplicates/DSC02542,JPG
"",Volumes,martonelab,Photos,Quadra Bioblitz 2019,duplicates/DSC02545,JPG
"",Volumes,martonelab,Photos,Quadra Bioblitz 2019,duplicates/DSC02546,JPG
"",Volumes,martonelab,Photos,Quadra Bioblitz 2019,duplicates/DSC02547,JPG
"",Volumes,martonelab,Photos,Quadra Bioblitz 2019,duplicates/DSC02548,JPG
"",Volumes,martonelab,Photos,Quadra Bioblitz 2019,duplicates/DSC02550,JPG
"",Volumes,martonelab,Photos,Quadra Bioblitz 2019,duplicates/DSC02551,JPG
"",Volumes,martonelab,Photos,Quadra Bioblitz 2019,duplicates/DSC02553,JPG
"",Volumes,martonelab,Photos,Quadra Bioblitz 2019,duplicates/DSC02555,JPG
"",Volumes,martonelab,Photos,Quadra Bioblitz 2019,duplicates/DSC02556,JPG
"",Volumes,martonelab,Photos,Quadra Bioblitz 2019,duplicates/DSC02558,JPG
"",Volumes,martonelab,Photos,Quadra Bioblitz 2019,duplicates/DSC02560,JPG
"",Volumes,martonelab,Photos,Quadra Bioblitz 2019,duplicates/DSC02561,JPG
"",Volumes,martonelab,Photos,Quadra Bioblitz 2019,duplicates/DSC02563,JPG
"",Volumes,martonelab,Photos,Quadra Bioblitz 2019,duplicates/DSC02564,JPG
"",Volumes,martonelab,Photos,Quadra Bioblitz 2019,duplicates/DSC02567,JPG
"",Volumes,martonelab,Photos,Quadra Bioblitz 2019,duplicates/DSC02568,JPG
"",Volumes,martonelab,Photos,Quadra Bioblitz 2019,duplicates/DSC02569,JPG
"",Volumes,martonelab,Photos,Quadra Bioblitz 2019,duplicates/DSC02570,JPG
"",Volumes,martonelab,Photos,Quadra Bioblitz 2019,duplicates/DSC02572,JPG
"",Volumes,martonelab,Photos,Quadra Bioblitz 2019,duplicates/DSC02574,JPG
"",Volumes,martonelab,Photos,Quadra Bioblitz 2019,duplicates/DSC02576,JPG
"",Volumes,martonelab,Photos,Quadra Bioblitz 2019,duplicates/DSC02578,JPG
"",Volumes,martonelab,Photos,Quadra Bioblitz 2019,duplicates/DSC02579,JPG
"",Volumes,martonelab,Photos,Quadra Bioblitz 2019,duplicates/DSC02580,JPG
"",Volumes,martonelab,Photos,Quadra Bioblitz 2019,duplicates/DSC02581,JPG
"",Volumes,martonelab,Photos,Quadra Bioblitz 2019,duplicates/DSC02582,JPG
"",Volumes,martonelab,Photos,Quadra Bioblitz 2019,duplicates/DSC02584,JPG
"",Volumes,martonelab,Photos,Quadra Bioblitz 2019,duplicates/DSC02585,JPG
"",Volumes,martonelab,Photos,Quadra Bioblitz 2019,duplicates/DSC02586,JPG
"",Volumes,martonelab,Photos,Quadra Bioblitz 2019,duplicates/DSC02588,JPG
"",Volumes,martonelab,Photos,Quadra Bioblitz 2019,duplicates/DSC02590,JPG
"",Volumes,martonelab,Photos,Quadra Bioblitz 2019,duplicates/DSC02591,JPG
"",Volumes,martonelab,Photos,Quadra Bioblitz 2019,duplicates/DSC02592,JPG
"",Volumes,martonelab,Photos,Quadra Bioblitz 2019,duplicates/DSC02596,JPG
"",Volumes,martonelab,Photos,Quadra Bioblitz 2019,duplicates/DSC02598,JPG
"",Volumes,martonelab,Photos,Quadra Bioblitz 2019,duplicates/DSC02600,JPG
"",Volumes,martonelab,Photos,Quadra Bioblitz 2019,duplicates/DSC02601,JPG
"",Volumes,martonelab,Photos,Quadra Bioblitz 2019,duplicates/DSC02605,JPG
"",Volumes,martonelab,Photos,Quadra Bioblitz 2019,duplicates/DSC02606,JPG
"",Volumes,martonelab,Photos,Quadra Bioblitz 2019,duplicates/DSC02621,JPG
"",Volumes,martonelab,Photos,Quadra Bioblitz 2019,duplicates/DSC02623,JPG
"",Volumes,martonelab,Photos,Quadra Bioblitz 2019,duplicates/DSC02624,JPG
"",Volumes,martonelab,Photos,Quadra Bioblitz 2019,duplicates/DSC02626,JPG
"",Volumes,martonelab,Photos,Quadra Bioblitz 2019,duplicates/DSC02627,JPG
"",Volumes,martonelab,Photos,Quadra Bioblitz 2019,duplicates/DSC02629,JPG
"",Volumes,martonelab,Photos,Quadra Bioblitz 2019,duplicates/DSC02632,JPG
"",Volumes,martonelab,Photos,Quadra Bioblitz 2019,duplicates/DSC02633,JPG
"",Volumes,martonelab,Photos,Quadra Bioblitz 2019,duplicates/DSC02645,JPG
"",Volumes,martonelab,Photos,Quadra Bioblitz 2019,duplicates/DSC02646,JPG
"",Volumes,martonelab,Photos,Quadra Bioblitz 2019,duplicates/DSC02648,JPG
"",Volumes,martonelab,Photos,Quadra Bioblitz 2019,duplicates/DSC02650,JPG
"",Volumes,martonelab,Photos,Quadra Bioblitz 2019,duplicates/DSC02651,JPG
"",Volumes,martonelab,Photos,Quadra Bioblitz 2019,duplicates/DSC02653,JPG
"",Volumes,martonelab,Photos,Quadra Bioblitz 2019,duplicates/DSC02655,JPG
"",Volumes,martonelab,Photos,Quadra Bioblitz 2019,duplicates/DSC02656,JPG
"",Volumes,martonelab,Photos,Quadra Bioblitz 2019,duplicates/DSC02658,JPG
"",Volumes,martonelab,Photos,Quadra Bioblitz 2019,duplicates/DSC02659,JPG
"",Volumes,martonelab,Photos,Quadra Bioblitz 2019,duplicates/DSC02661,JPG
"",Volumes,martonelab,Photos,Quadra Bioblitz 2019,duplicates/DSC02662,JPG
"",Volumes,martonelab,Photos,Quadra Bioblitz 2019,duplicates/DSC02665,JPG
"",Volumes,martonelab,Photos,Quadra Bioblitz 2019,duplicates/DSC02666,JPG
"",Volumes,martonelab,Photos,Quadra Bioblitz 2019,duplicates/DSC02668,JPG
"",Volumes,martonelab,Photos,Quadra Bioblitz 2019,duplicates/DSC02669,JPG
"",Volumes,martonelab,Photos,Quadra Bioblitz 2019,duplicates/DSC02671,JPG
"",Volumes,martonelab,Photos,Quadra Bioblitz 2019,duplicates/DSC02672,JPG
"",Volumes,martonelab,Photos,Quadra Bioblitz 2019,duplicates/DSC02673,JPG
"",Volumes,martonelab,Photos,Quadra Bioblitz 2019,duplicates/DSC02674,JPG
"",Volumes,martonelab,Photos,Quadra Bioblitz 2019,duplicates/DSC02675,JPG
"",Volumes,martonelab,Photos,Quadra Bioblitz 2019,duplicates/DSC02677,JPG
"",Volumes,martonelab,Photos,Quadra Bioblitz 2019,duplicates/DSC02678,JPG
"",Volumes,martonelab,Photos,Quadra Bioblitz 2019,duplicates/DSC02680,JPG
"",Volumes,martonelab,Photos,Quadra Bioblitz 2019,duplicates/DSC02681,JPG
"",Volumes,martonelab,Photos,Quadra Bioblitz 2019,duplicates/DSC02682,JPG
"",Volumes,martonelab,Photos,Quadra Bioblitz 2019,duplicates/DSC02684,JPG
"",Volumes,martonelab,Photos,Quadra Bioblitz 2019,duplicates/DSC02685,JPG
"",Volumes,martonelab,Photos,Quadra Bioblitz 2019,duplicates/DSC02687,JPG
"",Volumes,martonelab,Photos,Quadra Bioblitz 2019,duplicates/DSC02688,JPG
"",Volumes,martonelab,Photos,Quadra Bioblitz 2019,duplicates/DSC02691,JPG
"",Volumes,martonelab,Photos,Quadra Bioblitz 2019,duplicates/DSC02692,JPG
"",Volumes,martonelab,Photos,Quadra Bioblitz 2019,duplicates/DSC02693,JPG
"",Volumes,martonelab,Photos,Quadra Bioblitz 2019,duplicates/DSC02694,JPG
"",Volumes,martonelab,Photos,Quadra Bioblitz 2019,duplicates/DSC02696,JPG
"",Volumes,martonelab,Photos,Quadra Bioblitz 2019,duplicates/DSC02698,JPG
"",Volumes,martonelab,Photos,Quadra Bioblitz 2019,duplicates/DSC02699,JPG
"",Volumes,martonelab,Photos,Quadra Bioblitz 2019,duplicates/DSC02701,JPG
"",Volumes,martonelab,Photos,Quadra Bioblitz 2019,duplicates/DSC02702,JPG
"",Volumes,martonelab,Photos,Quadra Bioblitz 2019,duplicates/DSC02703,JPG
"",Volumes,martonelab,Photos,Quadra Bioblitz 2019,duplicates/DSC02807,JPG
"",Volumes,martonelab,Photos,Quadra Bioblitz 2019,duplicates/DSC02808,JPG
"",Volumes,martonelab,Photos,Quadra Bioblitz 2019,duplicates/DSC02809,JPG
"",Volumes,martonelab,Photos,Quadra Bioblitz 2019,duplicates/DSC02810,JPG
"",Volumes,martonelab,Photos,Quadra Bioblitz 2019,duplicates/DSC02812,JPG
"",Volumes,martonelab,Photos,Quadra Bioblitz 2019,duplicates/DSC02813,JPG
"",Volumes,martonelab,Photos,Quadra Bioblitz 2019,duplicates/DSC02815,JPG
"",Volumes,martonelab,Photos,Quadra Bioblitz 2019,duplicates/DSC02816,JPG
"",Volumes,martonelab,Photos,Quadra Bioblitz 2019,duplicates/DSC02817,JPG
"",Volumes,martonelab,Photos,Quadra Bioblitz 2019,duplicates/DSC02818,JPG
"",Volumes,martonelab,Photos,Quadra Bioblitz 2019,duplicates/DSC02820,JPG
"",Volumes,martonelab,Photos,Quadra Bioblitz 2019,duplicates/DSC02821,JPG
"",Volumes,martonelab,Photos,Quadra Bioblitz 2019,duplicates/DSC02823,JPG
"",Volumes,martonelab,Photos,Quadra Bioblitz 2019,duplicates/DSC02824,JPG
"",Volumes,martonelab,Photos,Quadra Bioblitz 2019,duplicates/DSC02826,JPG
"",Volumes,martonelab,Photos,Quadra Bioblitz 2019,duplicates/DSC02828,JPG
"",Volumes,martonelab,Photos,Quadra Bioblitz 2019,duplicates/DSC02829,JPG
"",Volumes,martonelab,Photos,Quadra Bioblitz 2019,duplicates/DSC02830,JPG
"",Volumes,martonelab,Photos,Quadra Bioblitz 2019,duplicates/DSC02832,JPG
"",Volumes,martonelab,Photos,Quadra Bioblitz 2019,duplicates/DSC02833,JPG
"",Volumes,martonelab,Photos,Quadra Bioblitz 2019,duplicates/DSC02835,JPG
"",Volumes,martonelab,Photos,Quadra Bioblitz 2019,duplicates/DSC02836,JPG
"",Volumes,martonelab,Photos,Quadra Bioblitz 2019,duplicates/DSC02838,JPG
"",Volumes,martonelab,Photos,Quadra Bioblitz 2019,duplicates/DSC02839,JPG
"",Volumes,martonelab,Photos,Quadra Bioblitz 2019,duplicates/DSC02840,JPG
"",Volumes,martonelab,Photos,Quadra Bioblitz 2019,duplicates/DSC02841,JPG
"",Volumes,martonelab,Photos,Quadra Bioblitz 2019,duplicates/DSC02843,JPG
"",Volumes,martonelab,Photos,Quadra Bioblitz 2019,duplicates/DSC02844,JPG
"",Volumes,martonelab,Photos,Quadra Bioblitz 2019,duplicates/DSC02845,JPG
"",Volumes,martonelab,Photos,Quadra Bioblitz 2019,duplicates/DSC02847,JPG
"",Volumes,martonelab,Photos,Quadra Bioblitz 2019,duplicates/DSC02849,JPG
"",Volumes,martonelab,Photos,Quadra Bioblitz 2019,duplicates/DSC02850,JPG
"",Volumes,martonelab,Photos,Quadra Bioblitz 2019,duplicates/DSC02852,JPG
"",Volumes,martonelab,Photos,Quadra Bioblitz 2019,duplicates/DSC02853,JPG
"",Volumes,martonelab,Photos,Quadra Bioblitz 2019,duplicates/DSC02855,JPG
"",Volumes,martonelab,Photos,Quadra Bioblitz 2019,duplicates/DSC02856,JPG
"",Volumes,martonelab,Photos,Quadra Bioblitz 2019,duplicates/DSC02858,JPG
"",Volumes,martonelab,Photos,Quadra Bioblitz 2019,duplicates/DSC02860,JPG
"",Volumes,martonelab,Photos,Quadra Bioblitz 2019,duplicates/DSC02862,JPG
"",Volumes,martonelab,Photos,Quadra Bioblitz 2019,duplicates/DSC02864,JPG
"",Volumes,martonelab,Photos,Quadra Bioblitz 2019,duplicates/DSC02865,JPG
"",Volumes,martonelab,Photos,Quadra Bioblitz 2019,duplicates/DSC02867,JPG
"",Volumes,martonelab,Photos,Quadra Bioblitz 2019,duplicates/DSC02869,JPG
"",Volumes,martonelab,Photos,Quadra Bioblitz 2019,duplicates/DSC02870,JPG
"",Volumes,martonelab,Photos,Quadra Bioblitz 2019,duplicates/DSC02872,JPG
"",Volumes,martonelab,Photos,Quadra Bioblitz 2019,duplicates/DSC02874,JPG
"",Volumes,martonelab,Photos,Quadra Bioblitz 2019,duplicates/DSC02875,JPG
"",Volumes,martonelab,Photos,Quadra Bioblitz 2019,duplicates/DSC02877,JPG
"",Volumes,martonelab,Photos,Quadra Bioblitz 2019,duplicates/DSC02878,JPG
"",Volumes,martonelab,Photos,Quadra Bioblitz 2019,duplicates/DSC02880,JPG
"",Volumes,martonelab,Photos,Quadra Bioblitz 2019,duplicates/DSC02882,JPG
"",Volumes,martonelab,Photos,Quadra Bioblitz 2019,duplicates/DSC02883,JPG
"",Volumes,martonelab,Photos,Quadra Bioblitz 2019,duplicates/DSC02885,JPG
"",Volumes,martonelab,Photos,Quadra Bioblitz 2019,duplicates/DSC02886,JPG
"",Volumes,martonelab,Photos,Quadra Bioblitz 2019,duplicates/DSC02888,JPG
"",Volumes,martonelab,Photos,Quadra Bioblitz 2019,duplicates/DSC02889,JPG
"",Volumes,martonelab,Photos,Quadra Bioblitz 2019,duplicates/DSC02891,JPG
"",Volumes,martonelab,Photos,Quadra Bioblitz 2019,duplicates/DSC02893,JPG
"",Volumes,martonelab,Photos,Quadra Bioblitz 2019,duplicates/DSC02895,JPG
"",Volumes,martonelab,Photos,Quadra Bioblitz 2019,duplicates/DSC02897,JPG
"",Volumes,martonelab,Photos,Quadra Bioblitz 2019,duplicates/DSC02898,JPG
"",Volumes,martonelab,Photos,Quadra Bioblitz 2019,duplicates/DSC02900,JPG
"",Volumes,martonelab,Photos,Quadra Bioblitz 2019,duplicates/DSC02903,JPG
"",Volumes,martonelab,Photos,Quadra Bioblitz 2019,duplicates/DSC02904,JPG
"",Volumes,martonelab,Photos,Quadra Bioblitz 2019,duplicates/DSC02906,JPG
"",Volumes,martonelab,Photos,Quadra Bioblitz 2019,duplicates/DSC02908,JPG
"",Volumes,martonelab,Photos,Quadra Bioblitz 2019,duplicates/DSC02909,JPG
"",Volumes,martonelab,Photos,Quadra Bioblitz 2019,duplicates/DSC02912,JPG
"",Volumes,martonelab,Photos,Quadra Bioblitz 2019,duplicates/DSC02913,JPG
"",Volumes,martonelab,Photos,Quadra Bioblitz 2019,duplicates/DSC02916,JPG
"",Volumes,martonelab,Photos,Quadra Bioblitz 2019,duplicates/DSC02918,JPG
"",Volumes,martonelab,Photos,Quadra Bioblitz 2019,duplicates/DSC02923,JPG
"",Volumes,martonelab,Photos,Quadra Bioblitz 2019,duplicates/DSC02924,JPG
"",Volumes,martonelab,Photos,Quadra Bioblitz 2019,duplicates/Thumbs,db
"",Volumes,martonelab,Photos,Quadra Bioblitz 2019,field_photos/DSC02352,JPG
"",Volumes,martonelab,Photos,Quadra Bioblitz 2019,field_photos/DSC02353,JPG
"",Volumes,martonelab,Photos,Quadra Bioblitz 2019,field_photos/DSC02354,JPG
"",Volumes,martonelab,Photos,Quadra Bioblitz 2019,field_photos/DSC02355,JPG
"",Volumes,martonelab,Photos,Quadra Bioblitz 2019,field_photos/DSC02356,JPG
"",Volumes,martonelab,Photos,Quadra Bioblitz 2019,field_photos/DSC02357,JPG
"",Volumes,martonelab,Photos,Quadra Bioblitz 2019,field_photos/DSC02358,JPG
"",Volumes,martonelab,Photos,Quadra Bioblitz 2019,field_photos/DSC02359,JPG
"",Volumes,martonelab,Photos,Quadra Bioblitz 2019,field_photos/DSC02366,JPG
"",Volumes,martonelab,Photos,Quadra Bioblitz 2019,field_photos/DSC02367,JPG
"",Volumes,martonelab,Photos,Quadra Bioblitz 2019,field_photos/DSC02368,JPG
"",Volumes,martonelab,Photos,Quadra Bioblitz 2019,field_photos/DSC02369,JPG
"",Volumes,martonelab,Photos,Quadra Bioblitz 2019,field_photos/DSC02370,JPG
"",Volumes,martonelab,Photos,Quadra Bioblitz 2019,field_photos/DSC02376,JPG
"",Volumes,martonelab,Photos,Quadra Bioblitz 2019,field_photos/DSC02377,JPG
"",Volumes,martonelab,Photos,Quadra Bioblitz 2019,field_photos/DSC02378,JPG
"",Volumes,martonelab,Photos,Quadra Bioblitz 2019,field_photos/DSC02379,JPG
"",Volumes,martonelab,Photos,Quadra Bioblitz 2019,field_photos/DSC02380,JPG
"",Volumes,martonelab,Photos,Quadra Bioblitz 2019,field_photos/DSC02381,JPG
"",Volumes,martonelab,Photos,Quadra Bioblitz 2019,field_photos/DSC02382,JPG
"",Volumes,martonelab,Photos,Quadra Bioblitz 2019,field_photos/DSC02383,JPG
"",Volumes,martonelab,Photos,Quadra Bioblitz 2019,field_photos/DSC02384,JPG
"",Volumes,martonelab,Photos,Quadra Bioblitz 2019,field_photos/DSC02385,JPG
"",Volumes,martonelab,Photos,Quadra Bioblitz 2019,field_photos/DSC02386,JPG
"",Volumes,martonelab,Photos,Quadra Bioblitz 2019,field_photos/DSC02387,JPG
"",Volumes,martonelab,Photos,Quadra Bioblitz 2019,field_photos/DSC02394,JPG
"",Volumes,martonelab,Photos,Quadra Bioblitz 2019,field_photos/DSC02395,JPG
"",Volumes,martonelab,Photos,Quadra Bioblitz 2019,field_photos/DSC02405,JPG
"",Volumes,martonelab,Photos,Quadra Bioblitz 2019,field_photos/DSC02406,JPG
"",Volumes,martonelab,Photos,Quadra Bioblitz 2019,field_photos/DSC02407,JPG
"",Volumes,martonelab,Photos,Quadra Bioblitz 2019,field_photos/DSC02413,JPG
"",Volumes,martonelab,Photos,Quadra Bioblitz 2019,field_photos/DSC02414,JPG
"",Volumes,martonelab,Photos,Quadra Bioblitz 2019,field_photos/DSC02415,JPG
"",Volumes,martonelab,Photos,Quadra Bioblitz 2019,field_photos/DSC02416,JPG
"",Volumes,martonelab,Photos,Quadra Bioblitz 2019,field_photos/DSC02417,JPG
"",Volumes,martonelab,Photos,Quadra Bioblitz 2019,field_photos/DSC02418,JPG
"",Volumes,martonelab,Photos,Quadra Bioblitz 2019,field_photos/DSC02419,JPG
"",Volumes,martonelab,Photos,Quadra Bioblitz 2019,field_photos/DSC02420,JPG
"",Volumes,martonelab,Photos,Quadra Bioblitz 2019,field_photos/DSC02421,JPG
"",Volumes,martonelab,Photos,Quadra Bioblitz 2019,field_photos/DSC02422,JPG
"",Volumes,martonelab,Photos,Quadra Bioblitz 2019,field_photos/DSC02423,JPG
"",Volumes,martonelab,Photos,Quadra Bioblitz 2019,field_photos/DSC02424,JPG
"",Volumes,martonelab,Photos,Quadra Bioblitz 2019,field_photos/DSC02425,JPG
"",Volumes,martonelab,Photos,Quadra Bioblitz 2019,field_photos/DSC02426,JPG
"",Volumes,martonelab,Photos,Quadra Bioblitz 2019,field_photos/DSC02427,JPG
"",Volumes,martonelab,Photos,Quadra Bioblitz 2019,field_photos/DSC02428,JPG
"",Volumes,martonelab,Photos,Quadra Bioblitz 2019,field_photos/DSC02429,JPG
"",Volumes,martonelab,Photos,Quadra Bioblitz 2019,field_photos/DSC02430,JPG
"",Volumes,martonelab,Photos,Quadra Bioblitz 2019,field_photos/DSC02431,JPG
"",Volumes,martonelab,Photos,Quadra Bioblitz 2019,field_photos/DSC02436,JPG
"",Volumes,martonelab,Photos,Quadra Bioblitz 2019,field_photos/DSC02437,JPG
"",Volumes,martonelab,Photos,Quadra Bioblitz 2019,field_photos/DSC02438,JPG
"",Volumes,martonelab,Photos,Quadra Bioblitz 2019,field_photos/DSC02439,JPG
"",Volumes,martonelab,Photos,Quadra Bioblitz 2019,field_photos/DSC02440,JPG
"",Volumes,martonelab,Photos,Quadra Bioblitz 2019,field_photos/DSC02441,JPG
"",Volumes,martonelab,Photos,Quadra Bioblitz 2019,field_photos/DSC02442,JPG
"",Volumes,martonelab,Photos,Quadra Bioblitz 2019,field_photos/DSC02443,JPG
"",Volumes,martonelab,Photos,Quadra Bioblitz 2019,field_photos/DSC02444,JPG
"",Volumes,martonelab,Photos,Quadra Bioblitz 2019,field_photos/DSC02445,JPG
"",Volumes,martonelab,Photos,Quadra Bioblitz 2019,field_photos/DSC02446,JPG
"",Volumes,martonelab,Photos,Quadra Bioblitz 2019,field_photos/DSC02447,JPG
"",Volumes,martonelab,Photos,Quadra Bioblitz 2019,field_photos/DSC02520,JPG
"",Volumes,martonelab,Photos,Quadra Bioblitz 2019,field_photos/DSC02521,JPG
"",Volumes,martonelab,Photos,Quadra Bioblitz 2019,field_photos/DSC02522,JPG
"",Volumes,martonelab,Photos,Quadra Bioblitz 2019,field_photos/DSC02523,JPG
"",Volumes,martonelab,Photos,Quadra Bioblitz 2019,field_photos/DSC02524,JPG
"",Volumes,martonelab,Photos,Quadra Bioblitz 2019,field_photos/DSC02525,JPG
"",Volumes,martonelab,Photos,Quadra Bioblitz 2019,field_photos/DSC02526,JPG
"",Volumes,martonelab,Photos,Quadra Bioblitz 2019,field_photos/DSC02527,JPG
"",Volumes,martonelab,Photos,Quadra Bioblitz 2019,field_photos/DSC02528,JPG
"",Volumes,martonelab,Photos,Quadra Bioblitz 2019,field_photos/DSC02529,JPG
"",Volumes,martonelab,Photos,Quadra Bioblitz 2019,field_photos/DSC02530,JPG
"",Volumes,martonelab,Photos,Quadra Bioblitz 2019,field_photos/DSC02531,JPG
"",Volumes,martonelab,Photos,Quadra Bioblitz 2019,field_photos/DSC02532,JPG
"",Volumes,martonelab,Photos,Quadra Bioblitz 2019,field_photos/DSC02533,JPG
"",Volumes,martonelab,Photos,Quadra Bioblitz 2019,field_photos/DSC02534,JPG
"",Volumes,martonelab,Photos,Quadra Bioblitz 2019,field_photos/DSC02535,JPG
"",Volumes,martonelab,Photos,Quadra Bioblitz 2019,field_photos/DSC02536,JPG
"",Volumes,martonelab,Photos,Quadra Bioblitz 2019,field_photos/DSC02537,JPG
"",Volumes,martonelab,Photos,Quadra Bioblitz 2019,field_photos/DSC02608,JPG
"",Volumes,martonelab,Photos,Quadra Bioblitz 2019,field_photos/DSC02609,JPG
"",Volumes,martonelab,Photos,Quadra Bioblitz 2019,field_photos/DSC02610,JPG
"",Volumes,martonelab,Photos,Quadra Bioblitz 2019,field_photos/DSC02611,JPG
"",Volumes,martonelab,Photos,Quadra Bioblitz 2019,field_photos/DSC02612,JPG
"",Volumes,martonelab,Photos,Quadra Bioblitz 2019,field_photos/DSC02613,JPG
"",Volumes,martonelab,Photos,Quadra Bioblitz 2019,field_photos/DSC02614,JPG
"",Volumes,martonelab,Photos,Quadra Bioblitz 2019,field_photos/DSC02615,JPG
"",Volumes,martonelab,Photos,Quadra Bioblitz 2019,field_photos/DSC02616,JPG
"",Volumes,martonelab,Photos,Quadra Bioblitz 2019,field_photos/DSC02617,JPG
"",Volumes,martonelab,Photos,Quadra Bioblitz 2019,field_photos/DSC02618,JPG
"",Volumes,martonelab,Photos,Quadra Bioblitz 2019,field_photos/DSC02619,JPG
"",Volumes,martonelab,Photos,Quadra Bioblitz 2019,field_photos/DSC02620,JPG
"",Volumes,martonelab,Photos,Quadra Bioblitz 2019,field_photos/DSC02635,JPG
"",Volumes,martonelab,Photos,Quadra Bioblitz 2019,field_photos/DSC02636,JPG
"",Volumes,martonelab,Photos,Quadra Bioblitz 2019,field_photos/DSC02637,JPG
"",Volumes,martonelab,Photos,Quadra Bioblitz 2019,field_photos/DSC02638,JPG
"",Volumes,martonelab,Photos,Quadra Bioblitz 2019,field_photos/DSC02639,JPG
"",Volumes,martonelab,Photos,Quadra Bioblitz 2019,field_photos/DSC02640,JPG
"",Volumes,martonelab,Photos,Quadra Bioblitz 2019,field_photos/DSC02641,JPG
"",Volumes,martonelab,Photos,Quadra Bioblitz 2019,field_photos/DSC02642,JPG
"",Volumes,martonelab,Photos,Quadra Bioblitz 2019,field_photos/DSC02643,JPG
"",Volumes,martonelab,Photos,Quadra Bioblitz 2019,field_photos/DSC02644,JPG
"",Volumes,martonelab,Photos,Quadra Bioblitz 2019,field_photos/DSC02705,JPG
"",Volumes,martonelab,Photos,Quadra Bioblitz 2019,field_photos/DSC02706,JPG
"",Volumes,martonelab,Photos,Quadra Bioblitz 2019,field_photos/DSC02707,JPG
"",Volumes,martonelab,Photos,Quadra Bioblitz 2019,field_photos/DSC02708,JPG
"",Volumes,martonelab,Photos,Quadra Bioblitz 2019,field_photos/DSC02709,JPG
"",Volumes,martonelab,Photos,Quadra Bioblitz 2019,field_photos/DSC02710,JPG
"",Volumes,martonelab,Photos,Quadra Bioblitz 2019,field_photos/DSC02711,JPG
"",Volumes,martonelab,Photos,Quadra Bioblitz 2019,field_photos/DSC02712,JPG
"",Volumes,martonelab,Photos,Quadra Bioblitz 2019,field_photos/DSC02713,JPG
"",Volumes,martonelab,Photos,Quadra Bioblitz 2019,field_photos/DSC02714,JPG
"",Volumes,martonelab,Photos,Quadra Bioblitz 2019,field_photos/DSC02715,JPG
"",Volumes,martonelab,Photos,Quadra Bioblitz 2019,field_photos/DSC02716,JPG
"",Volumes,martonelab,Photos,Quadra Bioblitz 2019,field_photos/DSC02717,JPG
"",Volumes,martonelab,Photos,Quadra Bioblitz 2019,field_photos/DSC02718,JPG
"",Volumes,martonelab,Photos,Quadra Bioblitz 2019,field_photos/DSC02719,JPG
"",Volumes,martonelab,Photos,Quadra Bioblitz 2019,field_photos/DSC02720,JPG
"",Volumes,martonelab,Photos,Quadra Bioblitz 2019,field_photos/DSC02721,JPG
"",Volumes,martonelab,Photos,Quadra Bioblitz 2019,field_photos/DSC02722,JPG
"",Volumes,martonelab,Photos,Quadra Bioblitz 2019,field_photos/DSC02723,JPG
"",Volumes,martonelab,Photos,Quadra Bioblitz 2019,field_photos/DSC02724,JPG
"",Volumes,martonelab,Photos,Quadra Bioblitz 2019,field_photos/DSC02725,JPG
"",Volumes,martonelab,Photos,Quadra Bioblitz 2019,field_photos/DSC02726,JPG
"",Volumes,martonelab,Photos,Quadra Bioblitz 2019,field_photos/DSC02727,JPG
"",Volumes,martonelab,Photos,Quadra Bioblitz 2019,field_photos/DSC02728,JPG
"",Volumes,martonelab,Photos,Quadra Bioblitz 2019,field_photos/DSC02729,JPG
"",Volumes,martonelab,Photos,Quadra Bioblitz 2019,field_photos/DSC02730,JPG
"",Volumes,martonelab,Photos,Quadra Bioblitz 2019,field_photos/DSC02731,JPG
"",Volumes,martonelab,Photos,Quadra Bioblitz 2019,field_photos/DSC02732,JPG
"",Volumes,martonelab,Photos,Quadra Bioblitz 2019,field_photos/DSC02733,JPG
"",Volumes,martonelab,Photos,Quadra Bioblitz 2019,field_photos/DSC02734,JPG
"",Volumes,martonelab,Photos,Quadra Bioblitz 2019,field_photos/DSC02735,JPG
"",Volumes,martonelab,Photos,Quadra Bioblitz 2019,field_photos/DSC02736,JPG
"",Volumes,martonelab,Photos,Quadra Bioblitz 2019,field_photos/DSC02737,JPG
"",Volumes,martonelab,Photos,Quadra Bioblitz 2019,field_photos/DSC02738,JPG
"",Volumes,martonelab,Photos,Quadra Bioblitz 2019,field_photos/DSC02739,JPG
"",Volumes,martonelab,Photos,Quadra Bioblitz 2019,field_photos/DSC02740,JPG
"",Volumes,martonelab,Photos,Quadra Bioblitz 2019,field_photos/DSC02741,JPG
"",Volumes,martonelab,Photos,Quadra Bioblitz 2019,field_photos/DSC02742,JPG
"",Volumes,martonelab,Photos,Quadra Bioblitz 2019,field_photos/DSC02743,JPG
"",Volumes,martonelab,Photos,Quadra Bioblitz 2019,field_photos/DSC02744,JPG
"",Volumes,martonelab,Photos,Quadra Bioblitz 2019,field_photos/DSC02745,JPG
"",Volumes,martonelab,Photos,Quadra Bioblitz 2019,field_photos/DSC02746,JPG
"",Volumes,martonelab,Photos,Quadra Bioblitz 2019,field_photos/DSC02747,JPG
"",Volumes,martonelab,Photos,Quadra Bioblitz 2019,field_photos/DSC02748,JPG
"",Volumes,martonelab,Photos,Quadra Bioblitz 2019,field_photos/DSC02749,JPG
"",Volumes,martonelab,Photos,Quadra Bioblitz 2019,field_photos/DSC02750,JPG
"",Volumes,martonelab,Photos,Quadra Bioblitz 2019,field_photos/DSC02751,JPG
"",Volumes,martonelab,Photos,Quadra Bioblitz 2019,field_photos/DSC02752,JPG
"",Volumes,martonelab,Photos,Quadra Bioblitz 2019,field_photos/DSC02753,JPG
"",Volumes,martonelab,Photos,Quadra Bioblitz 2019,field_photos/DSC02754,JPG
"",Volumes,martonelab,Photos,Quadra Bioblitz 2019,field_photos/DSC02755,JPG
"",Volumes,martonelab,Photos,Quadra Bioblitz 2019,field_photos/DSC02760,JPG
"",Volumes,martonelab,Photos,Quadra Bioblitz 2019,field_photos/DSC02761,JPG
"",Volumes,martonelab,Photos,Quadra Bioblitz 2019,field_photos/DSC02762,JPG
"",Volumes,martonelab,Photos,Quadra Bioblitz 2019,field_photos/DSC02763,JPG
"",Volumes,martonelab,Photos,Quadra Bioblitz 2019,field_photos/DSC02764,JPG
"",Volumes,martonelab,Photos,Quadra Bioblitz 2019,field_photos/DSC02765,JPG
"",Volumes,martonelab,Photos,Quadra Bioblitz 2019,field_photos/DSC02766,JPG
"",Volumes,martonelab,Photos,Quadra Bioblitz 2019,field_photos/DSC02767,JPG
"",Volumes,martonelab,Photos,Quadra Bioblitz 2019,field_photos/DSC02768,JPG
"",Volumes,martonelab,Photos,Quadra Bioblitz 2019,field_photos/DSC02769,JPG
"",Volumes,martonelab,Photos,Quadra Bioblitz 2019,field_photos/DSC02770,JPG
"",Volumes,martonelab,Photos,Quadra Bioblitz 2019,field_photos/DSC02771,JPG
"",Volumes,martonelab,Photos,Quadra Bioblitz 2019,field_photos/DSC02772,JPG
"",Volumes,martonelab,Photos,Quadra Bioblitz 2019,field_photos/DSC02773,JPG
"",Volumes,martonelab,Photos,Quadra Bioblitz 2019,field_photos/DSC02774,JPG
"",Volumes,martonelab,Photos,Quadra Bioblitz 2019,field_photos/DSC02775,JPG
"",Volumes,martonelab,Photos,Quadra Bioblitz 2019,field_photos/DSC02780,JPG
"",Volumes,martonelab,Photos,Quadra Bioblitz 2019,field_photos/DSC02781,JPG
"",Volumes,martonelab,Photos,Quadra Bioblitz 2019,field_photos/DSC02782,JPG
"",Volumes,martonelab,Photos,Quadra Bioblitz 2019,field_photos/DSC02783,JPG
"",Volumes,martonelab,Photos,Quadra Bioblitz 2019,field_photos/DSC02784,JPG
"",Volumes,martonelab,Photos,Quadra Bioblitz 2019,field_photos/DSC02785,JPG
"",Volumes,martonelab,Photos,Quadra Bioblitz 2019,field_photos/DSC02786,JPG
"",Volumes,martonelab,Photos,Quadra Bioblitz 2019,field_photos/DSC02787,JPG
"",Volumes,martonelab,Photos,Quadra Bioblitz 2019,field_photos/DSC02788,JPG
"",Volumes,martonelab,Photos,Quadra Bioblitz 2019,field_photos/DSC02789,JPG
"",Volumes,martonelab,Photos,Quadra Bioblitz 2019,field_photos/DSC02790,JPG
"",Volumes,martonelab,Photos,Quadra Bioblitz 2019,field_photos/DSC02791,JPG
"",Volumes,martonelab,Photos,Quadra Bioblitz 2019,field_photos/DSC02792,JPG
"",Volumes,martonelab,Photos,Quadra Bioblitz 2019,field_photos/DSC02793,JPG
"",Volumes,martonelab,Photos,Quadra Bioblitz 2019,field_photos/DSC02794,JPG
"",Volumes,martonelab,Photos,Quadra Bioblitz 2019,field_photos/DSC02795,JPG
"",Volumes,martonelab,Photos,Quadra Bioblitz 2019,field_photos/DSC02796,JPG
"",Volumes,martonelab,Photos,Quadra Bioblitz 2019,field_photos/DSC02797,JPG
"",Volumes,martonelab,Photos,Quadra Bioblitz 2019,field_photos/DSC02798,JPG
"",Volumes,martonelab,Photos,Quadra Bioblitz 2019,field_photos/DSC02799,JPG
"",Volumes,martonelab,Photos,Quadra Bioblitz 2019,field_photos/DSC02800,JPG
"",Volumes,martonelab,Photos,Quadra Bioblitz 2019,field_photos/DSC02801,JPG
"",Volumes,martonelab,Photos,Quadra Bioblitz 2019,field_photos/DSC02802,JPG
"",Volumes,martonelab,Photos,Quadra Bioblitz 2019,field_photos/DSC02803,JPG
"",Volumes,martonelab,Photos,Quadra Bioblitz 2019,field_photos/DSC02804,JPG
"",Volumes,martonelab,Photos,Quadra Bioblitz 2019,field_photos/DSC02805,JPG
"",Volumes,martonelab,Photos,Quadra Bioblitz 2019,field_photos/DSC02806,JPG
"",Volumes,martonelab,Photos,Quadra Bioblitz 2019,no associated PTM/DSC02324,JPG
"",Volumes,martonelab,Photos,Quadra Bioblitz 2019,no associated PTM/DSC02325,JPG
"",Volumes,martonelab,Photos,Quadra Bioblitz 2019,no associated PTM/DSC02326,JPG
"",Volumes,martonelab,Photos,Quadra Bioblitz 2019,no associated PTM/DSC02327,JPG
"",Volumes,martonelab,Photos,Quadra Bioblitz 2019,no associated PTM/DSC02328,JPG
"",Volumes,martonelab,Photos,Quadra Bioblitz 2019,no associated PTM/DSC02329,JPG
"",Volumes,martonelab,Photos,Quadra Bioblitz 2019,no associated PTM/DSC02330,JPG
"",Volumes,martonelab,Photos,Quadra Bioblitz 2019,no associated PTM/DSC02331,JPG
"",Volumes,martonelab,Photos,Quadra Bioblitz 2019,no associated PTM/DSC02332,JPG
"",Volumes,martonelab,Photos,Quadra Bioblitz 2019,no associated PTM/DSC02333,JPG
"",Volumes,martonelab,Photos,Quadra Bioblitz 2019,no associated PTM/DSC02334,JPG
"",Volumes,martonelab,Photos,Quadra Bioblitz 2019,no associated PTM/DSC02335,JPG
"",Volumes,martonelab,Photos,Quadra Bioblitz 2019,no associated PTM/DSC02336,JPG
"",Volumes,martonelab,Photos,Quadra Bioblitz 2019,no associated PTM/DSC02337,JPG
"",Volumes,martonelab,Photos,Quadra Bioblitz 2019,no associated PTM/DSC02338,JPG
"",Volumes,martonelab,Photos,Quadra Bioblitz 2019,no associated PTM/DSC02339,JPG
"",Volumes,martonelab,Photos,Quadra Bioblitz 2019,no associated PTM/DSC02340,JPG
"",Volumes,martonelab,Photos,Quadra Bioblitz 2019,no associated PTM/DSC02341,JPG
"",Volumes,martonelab,Photos,Quadra Bioblitz 2019,no associated PTM/DSC02342,JPG
"",Volumes,martonelab,Photos,Quadra Bioblitz 2019,no associated PTM/DSC02343,JPG
"",Volumes,martonelab,Photos,Quadra Bioblitz 2019,no associated PTM/DSC02344,JPG
"",Volumes,martonelab,Photos,Quadra Bioblitz 2019,no associated PTM/DSC02345,JPG
"",Volumes,martonelab,Photos,Quadra Bioblitz 2019,no associated PTM/DSC02346,JPG
"",Volumes,martonelab,Photos,Quadra Bioblitz 2019,no associated PTM/DSC02347,JPG
"",Volumes,martonelab,Photos,Quadra Bioblitz 2019,no associated PTM/DSC02348,JPG
"",Volumes,martonelab,Photos,Quadra Bioblitz 2019,no associated PTM/DSC02349,JPG
"",Volumes,martonelab,Photos,Quadra Bioblitz 2019,no associated PTM/DSC02350,JPG
"",Volumes,martonelab,Photos,Quadra Bioblitz 2019,no associated PTM/DSC02351,JPG
"",Volumes,martonelab,Photos,Quadra Bioblitz 2019,no associated PTM/DSC02360,JPG
"",Volumes,martonelab,Photos,Quadra Bioblitz 2019,no associated PTM/DSC02361,JPG
"",Volumes,martonelab,Photos,Quadra Bioblitz 2019,no associated PTM/DSC02362,JPG
"",Volumes,martonelab,Photos,Quadra Bioblitz 2019,no associated PTM/DSC02363,JPG
"",Volumes,martonelab,Photos,Quadra Bioblitz 2019,no associated PTM/DSC02364,JPG
"",Volumes,martonelab,Photos,Quadra Bioblitz 2019,no associated PTM/DSC02365,JPG
"",Volumes,martonelab,Photos,Quadra Bioblitz 2019,no associated PTM/DSC02371,JPG
"",Volumes,martonelab,Photos,Quadra Bioblitz 2019,no associated PTM/DSC02372,JPG
"",Volumes,martonelab,Photos,Quadra Bioblitz 2019,no associated PTM/DSC02373,JPG
"",Volumes,martonelab,Photos,Quadra Bioblitz 2019,no associated PTM/DSC02374,JPG
"",Volumes,martonelab,Photos,Quadra Bioblitz 2019,no associated PTM/DSC02375,JPG
"",Volumes,martonelab,Photos,Quadra Bioblitz 2019,no associated PTM/DSC02388,JPG
"",Volumes,martonelab,Photos,Quadra Bioblitz 2019,no associated PTM/DSC02389,JPG
"",Volumes,martonelab,Photos,Quadra Bioblitz 2019,no associated PTM/DSC02390,JPG
"",Volumes,martonelab,Photos,Quadra Bioblitz 2019,no associated PTM/DSC02391,JPG
"",Volumes,martonelab,Photos,Quadra Bioblitz 2019,no associated PTM/DSC02392,JPG
"",Volumes,martonelab,Photos,Quadra Bioblitz 2019,no associated PTM/DSC02393,JPG
"",Volumes,martonelab,Photos,Quadra Bioblitz 2019,no associated PTM/DSC02396,JPG
"",Volumes,martonelab,Photos,Quadra Bioblitz 2019,no associated PTM/DSC02397,JPG
"",Volumes,martonelab,Photos,Quadra Bioblitz 2019,no associated PTM/DSC02398,JPG
"",Volumes,martonelab,Photos,Quadra Bioblitz 2019,no associated PTM/DSC02399,JPG
"",Volumes,martonelab,Photos,Quadra Bioblitz 2019,no associated PTM/DSC02400,JPG
"",Volumes,martonelab,Photos,Quadra Bioblitz 2019,no associated PTM/DSC02401,JPG
"",Volumes,martonelab,Photos,Quadra Bioblitz 2019,no associated PTM/DSC02402,JPG
"",Volumes,martonelab,Photos,Quadra Bioblitz 2019,no associated PTM/DSC02403,JPG
"",Volumes,martonelab,Photos,Quadra Bioblitz 2019,no associated PTM/DSC02404,JPG
"",Volumes,martonelab,Photos,Quadra Bioblitz 2019,no associated PTM/DSC02408,JPG
"",Volumes,martonelab,Photos,Quadra Bioblitz 2019,no associated PTM/DSC02409,JPG
"",Volumes,martonelab,Photos,Quadra Bioblitz 2019,no associated PTM/DSC02410,JPG
"",Volumes,martonelab,Photos,Quadra Bioblitz 2019,no associated PTM/DSC02411,JPG
"",Volumes,martonelab,Photos,Quadra Bioblitz 2019,no associated PTM/DSC02412,JPG
"",Volumes,martonelab,Photos,Quadra Bioblitz 2019,no associated PTM/DSC02432,JPG
"",Volumes,martonelab,Photos,Quadra Bioblitz 2019,no associated PTM/DSC02433,JPG
"",Volumes,martonelab,Photos,Quadra Bioblitz 2019,no associated PTM/DSC02434,JPG
"",Volumes,martonelab,Photos,Quadra Bioblitz 2019,no associated PTM/DSC02435,JPG
"",Volumes,martonelab,Photos,Quadra Bioblitz 2019,no associated PTM/DSC02448,JPG
"",Volumes,martonelab,Photos,Quadra Bioblitz 2019,no associated PTM/DSC02449,JPG
"",Volumes,martonelab,Photos,Quadra Bioblitz 2019,no associated PTM/DSC02450,JPG
"",Volumes,martonelab,Photos,Quadra Bioblitz 2019,no associated PTM/DSC02756,JPG
"",Volumes,martonelab,Photos,Quadra Bioblitz 2019,no associated PTM/DSC02757,JPG
"",Volumes,martonelab,Photos,Quadra Bioblitz 2019,no associated PTM/DSC02758,JPG
"",Volumes,martonelab,Photos,Quadra Bioblitz 2019,no associated PTM/DSC02759,JPG
"",Volumes,martonelab,Photos,Quadra Bioblitz 2019,no associated PTM/DSC02776,JPG
"",Volumes,martonelab,Photos,Quadra Bioblitz 2019,no associated PTM/DSC02777,JPG
"",Volumes,martonelab,Photos,Quadra Bioblitz 2019,no associated PTM/DSC02778,JPG
"",Volumes,martonelab,Photos,Quadra Bioblitz 2019,no associated PTM/DSC02779,JPG
"",Volumes,martonelab,Photos,Quadra Bioblitz 2019,Thumbs,db
